{"_step":400,"train/loss_step":4.291400909423828,"train/avg_loss_step":4.494311616420746,"epoch":0,"_timestamp":1.7593860283050396e+09,"_wandb":{"runtime":102},"_runtime":102.938587252}